{
    "metrics": {
        "http_req_waiting": {
            "avg": 612.84911625,
            "min": 134.461,
            "med": 401.0127,
            "max": 8765.2347,
            "p(90)": 680.9816000000001,
            "p(95)": 763.1393949999999
        },
        "data_sent": {
            "count": 14168,
            "rate": 421.7228474296839
        },
        "iteration_duration": {
            "p(90)": 881.5324099999999,
            "p(95)": 963.5197549999999,
            "avg": 836.0004612500001,
            "min": 345.6736,
            "med": 616.33005,
            "max": 9288.4126
        },
        "http_req_duration{expected_response:true}": {
            "p(95)": 763.1393949999999,
            "avg": 626.32710875,
            "min": 145.4791,
            "med": 416.00104999999996,
            "max": 8770.7852,
            "p(90)": 680.9816000000001
        },
        "http_req_failed": {
            "passes": 0,
            "fails": 80,
            "value": 0
        },
        "vus_max": {
            "value": 2,
            "min": 2,
            "max": 2
        },
        "http_req_duration": {
            "med": 416.00104999999996,
            "max": 8770.7852,
            "p(90)": 680.9816000000001,
            "p(95)": 763.1393949999999,
            "avg": 626.32710875,
            "min": 145.4791
        },
        "http_reqs": {
            "count": 80,
            "rate": 2.3812696071693047
        },
        "http_req_blocked": {
            "max": 423.4133,
            "p(90)": 0,
            "p(95)": 0,
            "avg": 9.23440875,
            "min": 0,
            "med": 0
        },
        "http_req_receiving": {
            "med": 0,
            "max": 98.5274,
            "p(90)": 76.78824000000004,
            "p(95)": 86.1605,
            "avg": 13.437985000000001,
            "min": 0
        },
        "http_req_connecting": {
            "min": 0,
            "med": 0,
            "max": 72.4511,
            "p(90)": 0,
            "p(95)": 0,
            "avg": 1.8112774999999999
        },
        "vus": {
            "value": 2,
            "min": 2,
            "max": 2
        },
        "iterations": {
            "count": 80,
            "rate": 2.3812696071693047
        },
        "http_req_tls_handshaking": {
            "p(95)": 0,
            "avg": 7.05490125,
            "min": 0,
            "med": 0,
            "max": 336.233,
            "p(90)": 0
        },
        "http_req_sending": {
            "avg": 0.04000750000000001,
            "min": 0,
            "med": 0,
            "max": 0.6428,
            "p(90)": 0,
            "p(95)": 0.507215
        },
        "checks": {
            "passes": 80,
            "fails": 0,
            "value": 1
        },
        "data_received": {
            "rate": 1264.5434590171697,
            "count": 42483
        }
    },
    "root_group": {
        "checks": {
            "ai-generate-question status 200/429": {
                "fails": 0,
                "name": "ai-generate-question status 200/429",
                "path": "::ai-generate-question status 200/429",
                "id": "a2bdd5d63fbcc26d50189cfcb7f78ec8",
                "passes": 80
            }
        },
        "name": "",
        "path": "",
        "id": "d41d8cd98f00b204e9800998ecf8427e",
        "groups": {}
    }
}