{
    "metrics": {
        "http_req_failed": {
            "passes": 7,
            "fails": 3,
            "value": 0.7
        },
        "http_req_connecting": {
            "avg": 3.6216,
            "min": 0,
            "med": 0,
            "max": 36.216,
            "p(90)": 3.621599999999987,
            "p(95)": 19.918799999999962
        },
        "http_req_sending": {
            "avg": 0.05242,
            "min": 0,
            "med": 0,
            "max": 0.5242,
            "p(90)": 0.052419999999999814,
            "p(95)": 0.28830999999999946
        },
        "vus_max": {
            "max": 1,
            "value": 1,
            "min": 1
        },
        "iterations": {
            "count": 10,
            "rate": 0.37291931949816826
        },
        "http_req_duration{expected_response:true}": {
            "p(95)": 8611.07164,
            "avg": 6514.833766666667,
            "min": 4028.6425,
            "med": 6691.5016,
            "max": 8824.3572,
            "p(90)": 8397.78608
        },
        "http_reqs": {
            "count": 10,
            "rate": 0.37291931949816826
        },
        "http_req_blocked": {
            "avg": 22.30523,
            "min": 0,
            "med": 0,
            "max": 223.0523,
            "p(90)": 22.30522999999992,
            "p(95)": 122.67876499999976
        },
        "http_req_waiting": {
            "avg": 2147.6736300000002,
            "min": 176.5035,
            "med": 303.53895,
            "max": 8821.1567,
            "p(90)": 6897.949489999999,
            "p(95)": 7859.5530949999975
        },
        "vus": {
            "value": 1,
            "min": 1,
            "max": 1
        },
        "iteration_duration": {
            "p(95)": 8488.331089999998,
            "avg": 2681.54517,
            "min": 694.7913,
            "med": 804.2372,
            "max": 9548.3195,
            "p(90)": 7428.34268
        },
        "checks": {
            "fails": 7,
            "passes": 3,
            "value": 0.3
        },
        "http_req_receiving": {
            "avg": 10.99446,
            "min": 0,
            "med": 0.6038,
            "max": 92.8473,
            "p(90)": 15.80234999999997,
            "p(95)": 54.32482499999991
        },
        "http_req_tls_handshaking": {
            "p(95)": 51.2100599999999,
            "avg": 9.31092,
            "min": 0,
            "med": 0,
            "max": 93.1092,
            "p(90)": 9.310919999999967
        },
        "http_req_duration": {
            "p(90)": 6904.787159999999,
            "p(95)": 7864.572179999997,
            "avg": 2158.72051,
            "min": 194.5438,
            "med": 303.88925,
            "max": 8824.3572
        },
        "data_sent": {
            "rate": 133.50511638034425,
            "count": 3580
        },
        "data_received": {
            "count": 46472,
            "rate": 1733.0306615718875
        }
    },
    "root_group": {
        "name": "",
        "path": "",
        "id": "d41d8cd98f00b204e9800998ecf8427e",
        "groups": {},
        "checks": {
                "study-plans-generate status 200/403/429/503": {
                    "id": "0acca681d11878ccc6e7a2c89642b65c",
                    "passes": 3,
                    "fails": 7,
                    "name": "study-plans-generate status 200/403/429/503",
                    "path": "::study-plans-generate status 200/403/429/503"
                }
            }
    }
}