{
    "root_group": {
        "name": "",
        "path": "",
        "id": "d41d8cd98f00b204e9800998ecf8427e",
        "groups": {},
        "checks": {
                "study-plans status expected set": {
                    "id": "d0f06fae872f8fda582532cab6ac399f",
                    "passes": 22,
                    "fails": 0,
                    "name": "study-plans status expected set",
                    "path": "::study-plans status expected set"
                }
            }
    },
    "metrics": {
        "iteration_duration": {
            "med": 664.65615,
            "max": 17358.1898,
            "p(90)": 5380.522840000003,
            "p(95)": 7100.287274999999,
            "avg": 2732.0000000000005,
            "min": 566.6333
        },
        "http_req_duration": {
            "avg": 2226.7548545454542,
            "min": 66.0488,
            "med": 162.6336,
            "max": 16758.3196,
            "p(90)": 4879.788840000003,
            "p(95)": 6599.398275
        },
        "study_plans_status_429_total": {
            "count": 12,
            "rate": 0.19964892867236894
        },
        "http_req_failed": {
            "passes": 12,
            "fails": 10,
            "value": 0.5454545454545454
        },
        "study_plans_status_200_total": {
            "count": 10,
            "rate": 0.16637410722697413
        },
        "vus": {
            "min": 1,
            "max": 1,
            "value": 1
        },
        "http_req_connecting": {
            "p(95)": 0,
            "avg": 0.35505,
            "min": 0,
            "med": 0,
            "max": 7.8111,
            "p(90)": 0
        },
        "data_received": {
            "count": 103091,
            "rate": 1715.1673088135988
        },
        "http_req_receiving": {
            "med": 0.255,
            "max": 23.016,
            "p(90)": 10.632860000000004,
            "p(95)": 17.328959999999995,
            "avg": 3.749527272727272,
            "min": 0
        },
        "http_reqs": {
            "count": 22,
            "rate": 0.36602303589934304
        },
        "http_req_blocked": {
            "avg": 4.336236363636363,
            "min": 0,
            "med": 0,
            "max": 95.3972,
            "p(90)": 0,
            "p(95)": 0
        },
        "http_req_tls_handshaking": {
            "p(95)": 0,
            "avg": 2.7224454545454546,
            "min": 0,
            "med": 0,
            "max": 59.8938,
            "p(90)": 0
        },
        "data_sent": {
            "count": 5532,
            "rate": 92.03815611796207
        },
        "http_req_duration{expected_response:true}": {
            "avg": 4784.50839,
            "min": 2399.4928,
            "med": 2852.33185,
            "max": 16758.3196,
            "p(90)": 7690.521609999997,
            "p(95)": 12224.420604999988
        },
        "http_req_waiting": {
            "p(90)": 4862.325230000003,
            "p(95)": 6590.012069999999,
            "avg": 2222.6958136363633,
            "min": 65.5927,
            "med": 162.26350000000002,
            "max": 16735.3036
        },
        "iterations": {
            "count": 22,
            "rate": 0.36602303589934304
        },
        "vus_max": {
            "value": 1,
            "min": 1,
            "max": 1
        },
        "http_req_sending": {
            "avg": 0.3095136363636364,
            "min": 0,
            "med": 0.39295,
            "max": 0.6628,
            "p(90)": 0.56007,
            "p(95)": 0.6132249999999999
        },
        "checks": {
            "passes": 22,
            "fails": 0,
            "value": 1
        }
    }
}