{
    "metrics": {
        "iterations": {
            "rate": 1.618117269424519,
            "count": 10
        },
        "http_req_receiving": {
            "p(95)": 0.18430499999999964,
            "avg": 0.03351,
            "min": 0,
            "med": 0,
            "max": 0.3351,
            "p(90)": 0.03350999999999988
        },
        "http_reqs": {
            "count": 10,
            "rate": 1.618117269424519
        },
        "http_req_blocked": {
            "p(90)": 7.6341499999999725,
            "p(95)": 41.987824999999916,
            "avg": 7.63415,
            "min": 0,
            "med": 0,
            "max": 76.3415
        },
        "http_req_sending": {
            "avg": 0.30351999999999996,
            "min": 0,
            "med": 0.3846,
            "max": 0.7322,
            "p(90)": 0.5817199999999999,
            "p(95)": 0.6569599999999998
        },
        "http_req_failed": {
            "fails": 0,
            "passes": 10,
            "value": 1
        },
        "checks": {
            "passes": 10,
            "fails": 0,
            "value": 1
        },
        "iteration_duration": {
            "min": 568.1589,
            "med": 588.68945,
            "max": 792.9228,
            "p(90)": 706.6407,
            "p(95)": 749.78175,
            "avg": 618.0021800000001
        },
        "vus": {
            "value": 1,
            "min": 1,
            "max": 1
        },
        "vus_max": {
            "max": 1,
            "value": 1,
            "min": 1
        },
        "http_req_duration": {
            "p(95)": 206.53309499999997,
            "avg": 109.53174999999999,
            "min": 67.4725,
            "med": 88.07675,
            "max": 214.8144,
            "p(90)": 198.25178999999997
        },
        "data_received": {
            "rate": 1130.9021596007963,
            "count": 6989
        },
        "http_req_connecting": {
            "p(95)": 3.3166099999999936,
            "avg": 0.60302,
            "min": 0,
            "med": 0,
            "max": 6.0302,
            "p(90)": 0.6030199999999979
        },
        "http_req_tls_handshaking": {
            "avg": 4.7623,
            "min": 0,
            "med": 0,
            "max": 47.623,
            "p(90)": 4.762299999999983,
            "p(95)": 26.192649999999947
        },
        "http_req_waiting": {
            "avg": 109.19472,
            "min": 67.2168,
            "med": 87.69215,
            "max": 214.8144,
            "p(90)": 197.59281000000001,
            "p(95)": 206.20360499999998
        },
        "data_sent": {
            "count": 3220,
            "rate": 521.0337607546951
        }
    },
    "root_group": {
        "groups": {},
        "checks": {
                "study-plans-generate status 200/403/429/503": {
                    "name": "study-plans-generate status 200/403/429/503",
                    "path": "::study-plans-generate status 200/403/429/503",
                    "id": "0acca681d11878ccc6e7a2c89642b65c",
                    "passes": 10,
                    "fails": 0
                }
            },
        "name": "",
        "path": "",
        "id": "d41d8cd98f00b204e9800998ecf8427e"
    }
}