{
    "metrics": {
        "http_req_failed": {
            "passes": 0,
            "fails": 26,
            "value": 0
        },
        "checks": {
            "passes": 25,
            "fails": 0,
            "value": 1
        },
        "http_req_connecting": {
            "p(95)": 4.570575,
            "avg": 0.5152884615384615,
            "min": 0,
            "med": 0,
            "max": 7.3034,
            "p(90)": 0
        },
        "vus": {
            "value": 1,
            "min": 1,
            "max": 1
        },
        "http_req_waiting": {
            "med": 88.1485,
            "max": 331.4275,
            "p(90)": 131.37395,
            "p(95)": 184.239625,
            "avg": 103.4355307692308,
            "min": 69.6455
        },
        "data_sent": {
            "count": 6290,
            "rate": 775.9510059847041
        },
        "http_reqs": {
            "rate": 3.2074286415901923,
            "count": 26
        },
        "http_req_sending": {
            "min": 0,
            "med": 0,
            "max": 0.7845,
            "p(90)": 0.5185,
            "p(95)": 0.7019500000000001,
            "avg": 0.23466923076923077
        },
        "iteration_duration": {
            "avg": 317.49174800000003,
            "min": 270.6994,
            "med": 290.7992,
            "max": 558.0887,
            "p(90)": 381.89312000000007,
            "p(95)": 520.3121999999996
        },
        "http_req_duration{expected_response:true}": {
            "p(90)": 176.2068,
            "p(95)": 299.77615000000003,
            "avg": 114.1902923076923,
            "min": 70.5213,
            "med": 89.39445,
            "max": 336.2874
        },
        "http_req_receiving": {
            "p(95)": 6.4991,
            "avg": 10.520092307692307,
            "min": 0,
            "med": 0.2549,
            "max": 248.3995,
            "p(90)": 4.09685
        },
        "vus_max": {
            "value": 1,
            "min": 1,
            "max": 1
        },
        "data_received": {
            "count": 15371,
            "rate": 1896.2071403801094
        },
        "iterations": {
            "rate": 3.0840660015290307,
            "count": 25
        },
        "http_req_blocked": {
            "min": 0,
            "med": 0,
            "max": 79.7895,
            "p(90)": 0,
            "p(95)": 19.090725,
            "avg": 4.047838461538462
        },
        "http_req_tls_handshaking": {
            "p(90)": 0,
            "p(95)": 13.613175,
            "avg": 2.8289461538461538,
            "min": 0,
            "med": 0,
            "max": 55.4017
        },
        "http_req_duration": {
            "avg": 114.1902923076923,
            "min": 70.5213,
            "med": 89.39445,
            "max": 336.2874,
            "p(90)": 176.2068,
            "p(95)": 299.77615000000003
        }
    },
    "setup_data": {
        "questionId": 8177
    },
    "root_group": {
        "name": "",
        "path": "",
        "id": "d41d8cd98f00b204e9800998ecf8427e",
        "groups": {},
        "checks": {
                "ai-get-hint status 200/429": {
                    "passes": 25,
                    "fails": 0,
                    "name": "ai-get-hint status 200/429",
                    "path": "::ai-get-hint status 200/429",
                    "id": "d5608fe8279a01e265ba12b31c32bf79"
                }
            }
    }
}