{
    "root_group": {
        "name": "",
        "path": "",
        "id": "d41d8cd98f00b204e9800998ecf8427e",
        "groups": {},
        "checks": {
                "study-plans-generate status 200/403/429": {
                    "passes": 6,
                    "fails": 0,
                    "name": "study-plans-generate status 200/403/429",
                    "path": "::study-plans-generate status 200/403/429",
                    "id": "09760449e10774c097442877014365ae"
                }
            }
    },
    "metrics": {
        "http_req_duration{expected_response:true}": {
            "avg": 4506.1600499999995,
            "min": 3229.0211,
            "med": 3602.73165,
            "max": 8207.8835,
            "p(90)": 6644.173699999999,
            "p(95)": 7426.0286
        },
        "http_req_sending": {
            "p(90)": 0.8237,
            "p(95)": 0.9138,
            "avg": 0.36643333333333333,
            "min": 0,
            "med": 0.2756,
            "max": 1.0039
        },
        "http_req_failed": {
            "passes": 0,
            "fails": 6,
            "value": 0
        },
        "http_req_duration": {
            "avg": 4506.1600499999995,
            "min": 3229.0211,
            "med": 3602.73165,
            "max": 8207.8835,
            "p(90)": 6644.173699999999,
            "p(95)": 7426.0286
        },
        "data_sent": {
            "count": 3285,
            "rate": 108.85122384711418
        },
        "data_received": {
            "count": 71266,
            "rate": 2361.458544501808
        },
        "iteration_duration": {
            "avg": 5029.703016666667,
            "min": 3740.0246,
            "med": 4103.2291000000005,
            "max": 8835.68,
            "p(90)": 7208.2539,
            "p(95)": 8021.96695
        },
        "http_reqs": {
            "count": 6,
            "rate": 0.19881502072532273
        },
        "http_req_connecting": {
            "med": 0,
            "max": 38.4083,
            "p(90)": 19.20415,
            "p(95)": 28.806224999999998,
            "avg": 6.4013833333333325,
            "min": 0
        },
        "http_req_blocked": {
            "max": 127.0457,
            "p(90)": 63.52285,
            "p(95)": 95.284275,
            "avg": 21.17428333333333,
            "min": 0,
            "med": 0
        },
        "http_req_waiting": {
            "avg": 4497.859100000001,
            "min": 3227.508,
            "med": 3594.57365,
            "max": 8190,
            "p(90)": 6630.867749999999,
            "p(95)": 7410.433875
        },
        "http_req_receiving": {
            "p(90)": 14.65025,
            "p(95)": 15.991275,
            "avg": 7.934516666666666,
            "min": 0.5092,
            "med": 7.04655,
            "max": 17.3323
        },
        "vus_max": {
            "max": 1,
            "value": 1,
            "min": 1
        },
        "iterations": {
            "count": 6,
            "rate": 0.19881502072532273
        },
        "http_req_tls_handshaking": {
            "avg": 11.195516666666668,
            "min": 0,
            "med": 0,
            "max": 67.1731,
            "p(90)": 33.58655,
            "p(95)": 50.379825000000004
        },
        "checks": {
            "passes": 6,
            "fails": 0,
            "value": 1
        },
        "vus": {
            "value": 1,
            "min": 1,
            "max": 1
        }
    }
}