{
    "root_group": {
        "checks": {
            "ai-get-hint status 200/429": {
                "fails": 0,
                "name": "ai-get-hint status 200/429",
                "path": "::ai-get-hint status 200/429",
                "id": "d5608fe8279a01e265ba12b31c32bf79",
                "passes": 80
            }
        },
        "name": "",
        "path": "",
        "id": "d41d8cd98f00b204e9800998ecf8427e",
        "groups": {}
    },
    "metrics": {
        "http_req_receiving": {
            "avg": 0.8684950617283951,
            "min": 0,
            "med": 0,
            "max": 16.547,
            "p(90)": 2.4593,
            "p(95)": 3.6607
        },
        "data_received": {
            "count": 39286,
            "rate": 1971.3315622627506
        },
        "http_req_waiting": {
            "avg": 286.31873209876557,
            "min": 70.5543,
            "med": 295.9002,
            "max": 972.2381,
            "p(90)": 402.3117,
            "p(95)": 552.0739
        },
        "data_sent": {
            "count": 13221,
            "rate": 663.4163464001381
        },
        "iterations": {
            "count": 80,
            "rate": 4.014318713562593
        },
        "http_req_failed": {
            "passes": 1,
            "fails": 80,
            "value": 0.012345679012345678
        },
        "http_req_duration": {
            "avg": 287.2627629629629,
            "min": 70.5543,
            "med": 297.4882,
            "max": 972.2381,
            "p(90)": 402.3117,
            "p(95)": 557.3195
        },
        "http_reqs": {
            "count": 81,
            "rate": 4.064497697482126
        },
        "http_req_blocked": {
            "max": 75.3266,
            "p(90)": 0,
            "p(95)": 0,
            "avg": 1.536769135802469,
            "min": 0,
            "med": 0
        },
        "http_req_duration{expected_response:true}": {
            "avg": 289.44238999999993,
            "min": 70.5543,
            "med": 297.68515,
            "max": 972.2381,
            "p(90)": 402.5281,
            "p(95)": 559.1360549999998
        },
        "iteration_duration": {
            "med": 498.1843,
            "max": 1199.8812,
            "p(90)": 602.8303500000001,
            "p(95)": 759.7595899999999,
            "avg": 489.00704375,
            "min": 270.7468
        },
        "vus": {
            "value": 2,
            "min": 2,
            "max": 2
        },
        "checks": {
            "passes": 80,
            "fails": 0,
            "value": 1
        },
        "http_req_tls_handshaking": {
            "avg": 1.0503382716049383,
            "min": 0,
            "med": 0,
            "max": 52.1243,
            "p(90)": 0,
            "p(95)": 0
        },
        "vus_max": {
            "value": 2,
            "min": 2,
            "max": 2
        },
        "http_req_sending": {
            "p(90)": 0.3667,
            "p(95)": 0.5139,
            "avg": 0.07553580246913581,
            "min": 0,
            "med": 0,
            "max": 0.5997
        },
        "http_req_connecting": {
            "p(95)": 0,
            "avg": 0.2730012345679012,
            "min": 0,
            "med": 0,
            "max": 8.0993,
            "p(90)": 0
        }
    },
    "setup_data": {
        "questionId": 8332
    }
}