{
    "setup_data": {
        "questionId": 8333
    },
    "root_group": {
        "name": "",
        "path": "",
        "id": "d41d8cd98f00b204e9800998ecf8427e",
        "groups": {},
        "checks": {
                "ai-get-answer status 200/429": {
                    "passes": 80,
                    "fails": 0,
                    "name": "ai-get-answer status 200/429",
                    "path": "::ai-get-answer status 200/429",
                    "id": "1def1f7a2a29b8ed277842fc6dfd4e17"
                }
            }
    },
    "metrics": {
        "http_req_blocked": {
            "min": 0,
            "med": 0,
            "max": 72.721,
            "p(90)": 0,
            "p(95)": 0,
            "avg": 1.3914925925925927
        },
        "checks": {
            "passes": 80,
            "fails": 0,
            "value": 1
        },
        "vus": {
            "min": 2,
            "max": 2,
            "value": 2
        },
        "vus_max": {
            "value": 2,
            "min": 2,
            "max": 2
        },
        "data_sent": {
            "count": 13785,
            "rate": 758.2537196264105
        },
        "http_req_sending": {
            "avg": 0.05856172839506172,
            "min": 0,
            "med": 0,
            "max": 0.5763,
            "p(90)": 0.3302,
            "p(95)": 0.509
        },
        "iterations": {
            "count": 80,
            "rate": 4.40045684222799
        },
        "http_req_duration": {
            "avg": 244.48951851851854,
            "min": 66.7761,
            "med": 203.6118,
            "max": 1167.1798,
            "p(90)": 388.2882,
            "p(95)": 421.4672
        },
        "http_reqs": {
            "rate": 4.45546255275584,
            "count": 81
        },
        "data_received": {
            "count": 111620,
            "rate": 6139.737409118603
        },
        "http_req_failed": {
            "passes": 3,
            "fails": 78,
            "value": 0.037037037037037035
        },
        "http_req_connecting": {
            "avg": 0.19598641975308642,
            "min": 0,
            "med": 0,
            "max": 5.3871,
            "p(90)": 0,
            "p(95)": 0
        },
        "http_req_waiting": {
            "avg": 243.44503827160494,
            "min": 66.0606,
            "med": 203.1617,
            "max": 1166.2771,
            "p(90)": 387.6611,
            "p(95)": 421.4672
        },
        "http_req_receiving": {
            "min": 0,
            "med": 0.5069,
            "max": 18.7887,
            "p(90)": 2.4219,
            "p(95)": 3.8786,
            "avg": 0.9859185185185184
        },
        "http_req_duration{expected_response:true}": {
            "p(95)": 431.10406999999947,
            "avg": 250.46385769230773,
            "min": 70.2071,
            "med": 204.74645,
            "max": 1167.1798,
            "p(90)": 390.47184
        },
        "http_req_tls_handshaking": {
            "avg": 1.0033172839506173,
            "min": 0,
            "med": 0,
            "max": 51.7666,
            "p(90)": 0,
            "p(95)": 0
        },
        "iteration_duration": {
            "avg": 446.90638625,
            "min": 267.3087,
            "med": 404.5108,
            "max": 1390.0347,
            "p(90)": 589.47211,
            "p(95)": 625.3491749999997
        }
    }
}