{
    "root_group": {
        "checks": {
            "study-plans-generate status 200/403/429/503": {
                "name": "study-plans-generate status 200/403/429/503",
                "path": "::study-plans-generate status 200/403/429/503",
                "id": "0acca681d11878ccc6e7a2c89642b65c",
                "passes": 6,
                "fails": 4
            }
        },
        "name": "",
        "path": "",
        "id": "d41d8cd98f00b204e9800998ecf8427e",
        "groups": {}
    },
    "metrics": {
        "http_reqs": {
            "count": 10,
            "rate": 0.37246190536917734
        },
        "http_req_duration": {
            "avg": 2168.0188100000005,
            "min": 63.9242,
            "med": 382.04055,
            "max": 8624.3426,
            "p(90)": 6629.7104899999995,
            "p(95)": 7627.026544999998
        },
        "vus_max": {
            "max": 1,
            "value": 1,
            "min": 1
        },
        "http_req_receiving": {
            "med": 1.4875,
            "max": 18.5316,
            "p(90)": 16.34649,
            "p(95)": 17.439044999999997,
            "avg": 5.948669999999999,
            "min": 0
        },
        "http_req_connecting": {
            "avg": 3.77171,
            "min": 0,
            "med": 0,
            "max": 37.7171,
            "p(90)": 3.771709999999987,
            "p(95)": 20.74440499999996
        },
        "iteration_duration": {
            "p(95)": 8218.144539999998,
            "avg": 2684.8383299999996,
            "min": 564.3579,
            "med": 882.2872,
            "max": 9289.8757,
            "p(90)": 7146.413379999999
        },
        "http_req_blocked": {
            "med": 0,
            "max": 164.3854,
            "p(90)": 16.438539999999943,
            "p(95)": 90.41196999999983,
            "avg": 16.43854,
            "min": 0
        },
        "vus": {
            "value": 1,
            "min": 1,
            "max": 1
        },
        "http_req_failed": {
            "passes": 7,
            "fails": 3,
            "value": 0.7
        },
        "iterations": {
            "count": 10,
            "rate": 0.37246190536917734
        },
        "http_req_duration{expected_response:true}": {
            "p(90)": 8181.09102,
            "p(95)": 8402.71681,
            "avg": 6647.8458,
            "min": 4911.1101,
            "med": 6408.0847,
            "max": 8624.3426
        },
        "data_received": {
            "count": 46249,
            "rate": 1722.5990661419082
        },
        "http_req_sending": {
            "med": 0,
            "max": 0,
            "p(90)": 0,
            "p(95)": 0,
            "avg": 0,
            "min": 0
        },
        "http_req_waiting": {
            "avg": 2162.0701400000007,
            "min": 63.5472,
            "med": 381.25334999999995,
            "max": 8608.2389,
            "p(90)": 6611.4216799999995,
            "p(95)": 7609.830289999998
        },
        "http_req_tls_handshaking": {
            "max": 47.1427,
            "p(90)": 4.714269999999983,
            "p(95)": 25.92848499999995,
            "avg": 4.71427,
            "min": 0,
            "med": 0
        },
        "data_sent": {
            "count": 3627,
            "rate": 135.09193307740063
        },
        "checks": {
            "passes": 6,
            "fails": 4,
            "value": 0.6
        }
    }
}