{
    "root_group": {
        "path": "",
        "id": "d41d8cd98f00b204e9800998ecf8427e",
        "groups": {},
        "checks": {
                "study-plans-generate status 200/403/429": {
                    "name": "study-plans-generate status 200/403/429",
                    "path": "::study-plans-generate status 200/403/429",
                    "id": "09760449e10774c097442877014365ae",
                    "passes": 3,
                    "fails": 7
                }
            },
        "name": ""
    },
    "metrics": {
        "http_req_failed": {
            "passes": 7,
            "fails": 3,
            "value": 0.7
        },
        "http_reqs": {
            "count": 10,
            "rate": 0.34183587516849817
        },
        "http_req_duration{expected_response:true}": {
            "p(90)": 8770.57834,
            "p(95)": 9029.97437,
            "avg": 6960.654533333334,
            "min": 4897.1831,
            "med": 6695.4101,
            "max": 9289.3704
        },
        "data_received": {
            "count": 46015,
            "rate": 1572.9577795878445
        },
        "vus_max": {
            "min": 1,
            "max": 1,
            "value": 1
        },
        "http_req_blocked": {
            "min": 0,
            "med": 0,
            "max": 97.6516,
            "p(90)": 9.765159999999966,
            "p(95)": 53.7083799999999,
            "avg": 9.76516
        },
        "checks": {
            "passes": 3,
            "fails": 7,
            "value": 0.3
        },
        "iterations": {
            "count": 10,
            "rate": 0.34183587516849817
        },
        "vus": {
            "value": 1,
            "min": 1,
            "max": 1
        },
        "http_req_duration": {
            "p(90)": 6954.806129999999,
            "p(95)": 8122.088264999997,
            "avg": 2415.16996,
            "min": 387.8287,
            "med": 490.82484999999997,
            "max": 9289.3704
        },
        "http_req_connecting": {
            "p(95)": 5.5105049999999896,
            "avg": 1.00191,
            "min": 0,
            "med": 0,
            "max": 10.0191,
            "p(90)": 1.0019099999999965
        },
        "http_req_tls_handshaking": {
            "avg": 6.80915,
            "min": 0,
            "med": 0,
            "max": 68.0915,
            "p(90)": 6.809149999999976,
            "p(95)": 37.45032499999993
        },
        "http_req_sending": {
            "avg": 0.11287,
            "min": 0,
            "med": 0,
            "max": 0.5097,
            "p(90)": 0.33563999999999994,
            "p(95)": 0.4226699999999998
        },
        "iteration_duration": {
            "p(95)": 8676.306184999998,
            "avg": 2925.38049,
            "min": 888.039,
            "med": 991.3612499999999,
            "max": 9887.6516,
            "p(90)": 7464.960769999999
        },
        "http_req_waiting": {
            "p(95)": 8092.699749999997,
            "avg": 2408.6567399999994,
            "min": 387.8287,
            "med": 490.4784,
            "max": 9258.1435,
            "p(90)": 6927.255999999999
        },
        "http_req_receiving": {
            "avg": 6.400349999999999,
            "min": 0,
            "med": 0.2794,
            "max": 31.2269,
            "p(90)": 27.277699999999996,
            "p(95)": 29.252299999999995
        },
        "data_sent": {
            "count": 3627,
            "rate": 123.98387192361429
        }
    }
}