{
    "metrics": {
        "http_req_receiving": {
            "avg": 0.5370518518518518,
            "min": 0,
            "med": 0,
            "max": 5.664,
            "p(90)": 1.4044,
            "p(95)": 2.5161
        },
        "http_req_duration{expected_response:true}": {
            "avg": 107.2912739726027,
            "min": 68.4447,
            "med": 82.0511,
            "max": 629.0907,
            "p(90)": 157.12702,
            "p(95)": 177.78989999999993
        },
        "checks": {
            "passes": 80,
            "fails": 0,
            "value": 1
        },
        "http_req_failed": {
            "passes": 8,
            "fails": 73,
            "value": 0.09876543209876543
        },
        "http_req_blocked": {
            "avg": 1.7261753086419753,
            "min": 0,
            "med": 0,
            "max": 87.3891,
            "p(90)": 0,
            "p(95)": 0
        },
        "vus_max": {
            "min": 2,
            "max": 2,
            "value": 2
        },
        "http_req_tls_handshaking": {
            "p(90)": 0,
            "p(95)": 0,
            "avg": 1.2237333333333333,
            "min": 0,
            "med": 0,
            "max": 60.9746
        },
        "http_req_connecting": {
            "max": 7.5114,
            "p(90)": 0,
            "p(95)": 0,
            "avg": 0.25245061728395063,
            "min": 0,
            "med": 0
        },
        "iterations": {
            "count": 80,
            "rate": 6.377743156021896
        },
        "http_req_waiting": {
            "max": 625.622,
            "p(90)": 151.0193,
            "p(95)": 173.4202,
            "avg": 103.61476913580248,
            "min": 63.3004,
            "med": 81.3911
        },
        "iteration_duration": {
            "p(95)": 375.60823999999997,
            "avg": 305.5883512499999,
            "min": 263.5002,
            "med": 282.3665,
            "max": 862.1745,
            "p(90)": 352.73960000000005
        },
        "data_received": {
            "rate": 8567.939877589264,
            "count": 107473
        },
        "http_req_sending": {
            "min": 0,
            "med": 0,
            "max": 1.1416,
            "p(90)": 0.5072,
            "p(95)": 0.544,
            "avg": 0.1086604938271605
        },
        "data_sent": {
            "rate": 1098.964867572023,
            "count": 13785
        },
        "vus": {
            "max": 2,
            "value": 2,
            "min": 2
        },
        "http_reqs": {
            "count": 81,
            "rate": 6.457464945472169
        },
        "http_req_duration": {
            "avg": 104.26048148148146,
            "min": 63.3004,
            "med": 81.9427,
            "max": 629.0907,
            "p(90)": 151.8411,
            "p(95)": 175.0049
        }
    },
    "setup_data": {
        "questionId": 8251
    },
    "root_group": {
        "name": "",
        "path": "",
        "id": "d41d8cd98f00b204e9800998ecf8427e",
        "groups": {},
        "checks": {
                "ai-get-answer status 200/429": {
                    "path": "::ai-get-answer status 200/429",
                    "id": "1def1f7a2a29b8ed277842fc6dfd4e17",
                    "passes": 80,
                    "fails": 0,
                    "name": "ai-get-answer status 200/429"
                }
            }
    }
}