{
    "metrics": {
        "http_req_duration": {
            "max": 6571.828,
            "p(90)": 4961.725479999999,
            "p(95)": 5766.776739999998,
            "avg": 3023.02977,
            "min": 74.8819,
            "med": 3045.5699
        },
        "http_req_sending": {
            "avg": 0.08417,
            "min": 0,
            "med": 0,
            "max": 0.5184,
            "p(90)": 0.3428099999999999,
            "p(95)": 0.4306049999999998
        },
        "http_req_connecting": {
            "min": 0,
            "med": 0,
            "max": 18.5139,
            "p(90)": 1.8513899999999934,
            "p(95)": 10.18264499999998,
            "avg": 1.8513899999999999
        },
        "vus_max": {
            "value": 1,
            "min": 1,
            "max": 1
        },
        "data_received": {
            "count": 87718,
            "rate": 2481.2955566046644
        },
        "http_req_tls_handshaking": {
            "med": 0,
            "max": 77.1275,
            "p(90)": 7.712749999999972,
            "p(95)": 42.42012499999991,
            "avg": 7.71275,
            "min": 0
        },
        "http_req_failed": {
            "passes": 2,
            "fails": 8,
            "value": 0.2
        },
        "http_req_blocked": {
            "avg": 11.28403,
            "min": 0,
            "med": 0,
            "max": 112.8403,
            "p(90)": 11.28402999999996,
            "p(95)": 62.06216499999988
        },
        "http_req_receiving": {
            "avg": 8.623230000000001,
            "min": 0,
            "med": 6.7433,
            "max": 28.3781,
            "p(90)": 19.198909999999994,
            "p(95)": 23.788504999999986
        },
        "http_reqs": {
            "count": 10,
            "rate": 0.2828718799567551
        },
        "iteration_duration": {
            "p(95)": 6331.1481749999975,
            "avg": 3535.1157300000004,
            "min": 575.3476,
            "med": 3545.9525000000003,
            "max": 7185.6291,
            "p(90)": 5476.667249999999
        },
        "iterations": {
            "count": 10,
            "rate": 0.2828718799567551
        },
        "http_req_waiting": {
            "min": 74.3737,
            "med": 3035.0618999999997,
            "max": 6542.9315,
            "p(90)": 4951.08026,
            "p(95)": 5747.005879999998,
            "avg": 3014.3223700000003
        },
        "checks": {
            "passes": 10,
            "fails": 0,
            "value": 1
        },
        "vus": {
            "value": 1,
            "min": 1,
            "max": 1
        },
        "http_req_duration{expected_response:true}": {
            "p(90)": 5319.52604,
            "p(95)": 5945.677019999999,
            "avg": 3759.9565000000002,
            "min": 2923.5399,
            "med": 3117.3859,
            "max": 6571.828
        },
        "data_sent": {
            "count": 3915,
            "rate": 110.74434100306962
        }
    },
    "root_group": {
        "name": "",
        "path": "",
        "id": "d41d8cd98f00b204e9800998ecf8427e",
        "groups": {},
        "checks": {
                "study-plans-generate status 200/403/429": {
                    "name": "study-plans-generate status 200/403/429",
                    "path": "::study-plans-generate status 200/403/429",
                    "id": "09760449e10774c097442877014365ae",
                    "passes": 10,
                    "fails": 0
                }
            }
    }
}