{
    "metrics": {
        "http_req_duration{expected_response:true}": {
            "avg": 5719.050025,
            "min": 2283.6635,
            "med": 5011.03525,
            "max": 10570.4661,
            "p(90)": 9292.70274,
            "p(95)": 9931.58442
        },
        "http_req_blocked": {
            "p(90)": 7.970539999999971,
            "p(95)": 43.83796999999991,
            "avg": 7.97054,
            "min": 0,
            "med": 0,
            "max": 79.7054
        },
        "http_req_sending": {
            "min": 0,
            "med": 0,
            "max": 0.5263,
            "p(90)": 0.38869,
            "p(95)": 0.4574949999999998,
            "avg": 0.08997
        },
        "http_req_receiving": {
            "avg": 11.510410000000002,
            "min": 0,
            "med": 0.6516500000000001,
            "max": 94.6054,
            "p(90)": 18.661779999999972,
            "p(95)": 56.633589999999906
        },
        "data_sent": {
            "count": 3628,
            "rate": 126.17090547468428
        },
        "http_req_failed": {
            "passes": 6,
            "fails": 4,
            "value": 0.6
        },
        "vus": {
            "value": 1,
            "min": 1,
            "max": 1
        },
        "http_req_waiting": {
            "avg": 2355.4757099999997,
            "min": 90.6861,
            "med": 194.91845,
            "max": 10475.3344,
            "p(90)": 6718.4616099999985,
            "p(95)": 8596.898004999995
        },
        "iteration_duration": {
            "med": 695.15595,
            "max": 11150.4911,
            "p(90)": 7245.604039999998,
            "p(95)": 9198.047569999995,
            "avg": 2875.40216,
            "min": 591.395
        },
        "http_req_tls_handshaking": {
            "min": 0,
            "med": 0,
            "max": 46.273,
            "p(90)": 4.627299999999984,
            "p(95)": 25.45014999999995,
            "avg": 4.6273
        },
        "iterations": {
            "count": 10,
            "rate": 0.34776986073507243
        },
        "http_req_connecting": {
            "min": 0,
            "med": 0,
            "max": 17.5813,
            "p(90)": 1.7581299999999935,
            "p(95)": 9.66971499999998,
            "avg": 1.75813
        },
        "checks": {
            "passes": 10,
            "fails": 0,
            "value": 1
        },
        "http_reqs": {
            "count": 10,
            "rate": 0.34776986073507243
        },
        "http_req_duration": {
            "avg": 2367.0760899999996,
            "min": 91.2526,
            "med": 194.91845,
            "max": 10570.4661,
            "p(90)": 6737.176019999998,
            "p(95)": 8653.821059999995
        },
        "data_received": {
            "count": 52451,
            "rate": 1824.0876965415282
        },
        "vus_max": {
            "value": 1,
            "min": 1,
            "max": 1
        }
    },
    "root_group": {
        "name": "",
        "path": "",
        "id": "d41d8cd98f00b204e9800998ecf8427e",
        "groups": {},
        "checks": {
                "study-plans-generate status 200/403/429/503": {
                    "name": "study-plans-generate status 200/403/429/503",
                    "path": "::study-plans-generate status 200/403/429/503",
                    "id": "0acca681d11878ccc6e7a2c89642b65c",
                    "passes": 10,
                    "fails": 0
                }
            }
    }
}